abandon,放弃,/əˈbændən/
abide,遵守,/əˈbaɪd/
ability,能力,/əˈbɪləti/
able,能干的,/ˈeɪbl/
abnormal,不正常的,/æbˈnɔ:ml/
abolish,废除,/əˈbɒlɪʃ/
abroad,到国外,/əˈbrɔ:d/
absence,缺席,/ˈæbsəns/
absent,缺席的,/ˈæbsənt/
absolute,绝对的,/ˈæbsəlu:t/
absorb,吸收,/əbˈsɔ:b/
abstract,抽象的，理论上的,/ˈæbstrækt/
academic,学术的,/ˌækəˈdemɪk/
academy,学院,/əˈkædəmi/
accelerate,加速,/əkˈseləreɪt/
accept,接受,/əkˈsept/
acceptance,认可,/əkˈseptəns/
access,进入,/ˈækses/
accessory,配件,/əkˈsesəri/
acclaim,称赞,/əˈkleɪm/
accommodate,适应,/əˈkɒmədeɪt/
accommodation,住处,/əˌkɒməˈdeɪʃn/
accompany,陪伴,/əˈkʌmpəni/
accomplish,完成,/əˈkʌmplɪʃ/
account,解释,/əˈkaʊnt/
accountant,会计师,/əˈkaʊntənt/
accumulate,积累,/əˈkju:mjəleɪt/
accuracy,精确度,/ˈækjərəsi/
accurate,准确的,/ˈækjərət/
accuse,指责,/əˈkju:z/
achieve,实现,/əˈtʃi:v/
acknowledge,承认,/əkˈnɒlɪdʒ/
acquire,获得,/əˈkwaɪə(r)/
acquisition,采集,/ˌækwɪˈzɪʃn/
act,行为,/ækt/
action,行为,/ˈækʃn/
activate,激活,/ˈæktɪveɪt/
active,活跃的,/ˈæktɪv/
activity,活动,/ækˈtɪvəti/
actual,实际的,/ˈæktʃuəl/
acute,严重的,/əˈkju:t/
adapt,适应,/əˈdæpt/
add,加,/æd/
addict,上瘾者,/ˈædɪkt/
addition,加法,/əˈdɪʃn/
additional,额外的,/əˈdɪʃənl/
address,讲话,/əˈdres/
adequate,足够的,/ˈædɪkwət/
adjoin,毗连,/əˈdʒɔɪn/
adjust,调整,/əˈdʒʌst/
administration,管理,/ədˌmɪnɪˈstreɪʃn/
admire,钦佩,/ədˈmaɪə(r)/
admission,承认,/ədˈmɪʃn/
admit,承认,/ədˈmɪt/
adopt,采用,/əˈdɒpt/
adult,成年人,/ˈædʌlt/
advance,进展,/ədˈvɑ:ns/
advanced,先进的,/ədˈvɑ:nst/
advantage,优势,/ədˈvɑ:ntɪdʒ/
advice,建议,/ədˈvaɪs/
advisable,明智的,/ədˈvaɪzəbl/
advise,建议,/ədˈvaɪz/
advocate,提倡,/ˈædvəkeɪt/
aesthetic,审美的,/i:sˈθetɪk/
affair,事情,/əˈfeə(r)/
affect,影响,/əˈfekt/
affection,感情,/əˈfekʃn/
affiliate,分公司,/əˈfɪlieɪt/
affirm,肯定,/əˈfɜ:m/
afford,提供,/əˈfɔ:d/
aggravate,恶化,/ˈægrəveɪt/
aggressive,有进取心的,/əˈgresɪv/
agitate,煽动,/ˈædʒɪteɪt/
aid,援助,/eɪd/
aim,目标,/eɪm/
alarm,警报,/əˈlɑ:m/
alien,外星人,/ˈeɪliən/
alienate,离间,/ˈeɪliəneɪt/
allow,允许,/əˈlaʊ/
alter,改变,/ˈɔ:ltə(r)/
alternate,交替,/ɔ:lˈtɜ:nət/
alternative,供选择的,/ɔ:lˈtɜ:nətɪv/
amateur,业余爱好者,/ˈæmətə(r)/
amaze,吃惊,/əˈmeɪz/
ambiguous,模棱两可的,/æmˈbɪgjuəs/
ambition,野心,/æmˈbɪʃn/
ambitious,野心勃勃的,/æmˈbɪʃəs/
amend,修正,/əˈmend/
among,...之一,/əˈmʌŋ/
amount,数量,/əˈmaʊnt/
ample,充足的,/ˈæmpl/
amuse,娱乐,/əˈmju:z/
anchor,锚,/ˈæŋkə(r)/
anguish,痛苦,/ˈæŋgwɪʃ/
annoy,骚扰,/əˈnɔɪ/
annual,每年的,/ˈænjuəl/
anonymous,匿名的,/əˈnɒnɪməs/
answer,回答,/ˈɑ:nsə(r)/
anticipate,预期,/ænˈtɪsɪpeɪt/
anxiety,焦虑,/æŋˈzaɪəti/
anxious,忧虑的,/ˈæŋkʃəs/
apart,相距,/əˈpɑ:t/
apparent,明显的,/əˈpærənt/
appeal,上诉,/əˈpi:l/
appear,出现,/əˈpɪə(r)/
appearance,外表,/əˈpɪərəns/
appliance,装置,/əˈplaɪəns/
applicable,适用的,/əˈplɪkəbl/
application,应用,/ˌæplɪˈkeɪʃn/
apply,应用,/əˈplaɪ/
appoint,任命,/əˈpɔɪnt/
appointment,约会,/əˈpɔɪntmənt/
appreciate,欣赏,/əˈpri:ʃieɪt/
approach,方法,/əˈprəʊtʃ/
appropriate,适当的,/əˈprəʊpriət/
approval,批准,/əˈpru:vl/
approve,批准,/əˈpru:v/
apt,恰当的,/æpt/
architect,建筑师,/ˈɑ:kɪtekt/
architecture,结构,/ˈɑ:kɪtektʃə(r)/
area,区域,/ˈeəriə/
argue,争论,/ˈɑ:gju:/
argument,论点,/ˈɑ:gjumənt/
arise,出现,/əˈraɪz/
arouse,唤醒,/əˈraʊz/
array,数组,/əˈreɪ/
assassinate,暗杀，行刺,/əˈsæsɪneɪt/
assault,攻击,/əˈsɔ:lt/
assemble,装配,/əˈsembl/
assembly,装配,/əˈsembli/
assert,断言,/əˈsɜ:t/
assess,评估,/əˈses/
assimilate,吸收,/əˈsɪməleɪt/
assist,协助,/əˈsɪst/
assistance,帮助,/əˈsɪstəns/
assistant,辅助的,/əˈsɪstənt/
associate,交往,/əˈsəʊʃieɪt/
association,协会,/əˌsəʊʃiˈeɪʃn/
assume,假定,/əˈsju:m/
assumption,假定,/əˈsʌmpʃn/
assurance,自信,/əˈʃʊərəns/
assure,确保,/əˈʃʊə(r)/
astonish,使吃惊,/əˈstɒnɪʃ/
atmosphere,气氛,/ˈætməsfɪə(r)/
attach,附上,/əˈtætʃ/
attack,攻击,/əˈtæk/
attain,达到,/əˈteɪn/
attempt,尝试,/əˈtempt/
attend,参加,/əˈtend/
attention,注意,/əˈtenʃn/
attitude,态度,/ˈætɪtju:d/
attribute,属性,/əˈtrɪbju:t/
author,作者,/ˈɔ:θə(r)/
authority,权威,/ɔ:ˈθɒrəti/
auxiliary,助动词,/ɔ:gˈzɪliəri/
avail,有利,/əˈveɪl/
available,可利用的,/əˈveɪləbl/
average,平均水平,/ˈævərɪdʒ/
avoid,避免,/əˈvɔɪd/
awake,醒着的,/əˈweɪk/
award,奖,/əˈwɔ:d/
aware,知道的,/əˈweə(r)/
awkward,尴尬的,/ˈɔ:kwəd/
background,背景,/ˈbækgraʊnd/
balance,平衡,/ˈbæləns/
ban,禁止,/bæn/
bar,酒吧,/bɑ:(r)/
bare,赤裸的,/beə(r)/
barely,几乎不,/ˈbeəli/
bargain,讨价还价,/ˈbɑ:gən/
base,基础,/beɪs/
basement,地下室,/ˈbeɪsmənt/
basic,基本的,/ˈbeɪsɪk/
basis,基础,/ˈbeɪsɪs/
beam,光线,/bi:m/
become,成为,/bɪˈkʌm/
begin,开始,/bɪˈgɪn/
beginning,开始,/bɪˈgɪnɪŋ/
behalf,代表,/bɪˈhɑ:f/
behave,行为,/bɪˈheɪv/
behavior,行为,/bɪ''heɪvjə/
belief,信仰,/bɪˈli:f/
believe,相信,/bɪˈli:v/
belong,属于,/bɪˈlɒŋ/
beneficial,有益的,/ˌbenɪˈfɪʃl/
benefit,利益,/ˈbenɪfɪt/
bias,偏见,/ˈbaɪəs/
bid,出价,/bɪd/
bill,帐单,/bɪl/
billion,十亿,/ˈbɪljən/
birth,出生,/bɜ:θ/
board,董事会,/bɔ:d/
boast,自夸,/bəʊst/
bonus,奖金,/ˈbəʊnəs/
boom,繁荣,/bu:m/
boost,提高,/bu:st/
border,边境,/ˈbɔ:də(r)/
bore,钻孔,/bɔ:(r)/
born,出生的,/bɔ:n/
bother,麻烦,/ˈbɒðə(r)/
brace,支撑,/breɪs/
brain,脑,/breɪn/
branch,分支,/brɑ:ntʃ/
brand,牌子,/brænd/
breach,违反,/bri:tʃ/
break,休息,/breɪk/
breakdown,崩溃,/ˈbreɪkdaʊn/
breed,繁殖,/bri:d/
brief,简短的,/bri:f/
brisk,轻快的,/brɪsk/
brittle,易碎的,/ˈbrɪtl/
browse,浏览,/braʊz/
bubble,气泡,/ˈbʌbl/
budget,预算,/ˈbʌdʒɪt/
build,建造,/bɪld/
business,生意,/ˈbɪznəs/
calculate,计算,/ˈkælkjuleɪt/
call,打电话,/kɔ:l/
calm,平静,/kɑ:m/
campaign,运动,/kæmˈpeɪn/
candidate,候选人,/ˈkændɪdət/
capable,能干的,/ˈkeɪpəbl/
capacity,能力,/kəˈpæsəti/
capital,资本,/ˈkæpɪtl/
captive,俘虏,/ˈkæptɪv/
capture,捕获,/ˈkæptʃə(r)/
career,职业,/kəˈrɪə(r)/
careful,精心的,/ˈkeəfl/
case,案例,/keɪs/
cast,投,/kɑ:st/
casual,偶然的,/ˈkæʒuəl/
casualty,事故,/ˈkæʒuəlti/
catch,赶上,/kætʃ/
category,类别,/ˈkætəgəri/
cater,迎合,/ˈkeɪtə(r)/
cause,引起,/kɔ:z/
caution,警告,/ˈkɔ:ʃn/
cautious,谨慎的,/ˈkɔ:ʃəs/
cease,停止,/si:s/
celebrate,庆祝,/ˈselɪbreɪt/
celebrity,名人,/səˈlebrəti/
ceremony,仪式,/ˈserəməni/
certain,某些,/ˈsɜ:tn/
certainty,确定,/ˈsɜ:tnti/
certificate,执照,/səˈtɪfɪkət/
certify,证明,/ˈsɜːtɪfaɪ/
challenge,挑战,/ˈtʃæləndʒ/
chance,机会,/tʃɑ:ns/
change,改变,/tʃeɪndʒ/
channel,通道,/ˈtʃænl/
character,字符,/ˈkærəktə(r)/
characterise,表示 ... 的特征,/''kærɪktəraɪz/
characteristic,特性,/ˌkærəktəˈrɪstɪk/
charge,费用,/tʃɑ:dʒ/
charm,魅力,/tʃɑ:m/
chase,追赶,/tʃeɪs/
cheer,欢呼,/tʃɪə(r)/
chemical,化学物,/ˈkemɪkl/
cherish,珍爱,/ˈtʃerɪʃ/
chip,芯片,/tʃɪp/
choice,选择,/tʃɔɪs/
choke,窒息,/tʃəʊk/
choose,选择,/tʃu:z/
chop,砍,/tʃɒp/
circumstance,环境,/ˈsɜ:kəmstəns/
cite,引用,/saɪt/
claim,要求,/kleɪm/
clear,清除,/klɪə(r)/
click,点击,/klɪk/
client,客户,/ˈklaɪənt/
cling,坚持,/klɪŋ/
close,关,/kləʊz/
closet,壁橱,/ˈklɒzɪt/
code,密码,/kəʊd/
coincide,一致,/ˌkəʊɪnˈsaɪd/
collapse,崩溃,/kəˈlæps/
colleague,同事,/ˈkɒli:g/
collect,收集,/kəˈlekt/
collection,收集,/kəˈlekʃn/
collective,集体,/kəˈlektɪv/
collide,碰撞,/kəˈlaɪd/
column,列,/ˈkɒləm/
combat,战斗,/ˈkɒmbæt/
combine,结合,/kəmˈbaɪn/
command,命令,/kəˈmɑ:nd/
commend,推荐,/kəˈmend/
comment,评论,/ˈkɒment/
commerce,商业,/ˈkɒmɜ:s/
commercial,商业广告,/kəˈmɜ:ʃl/
commission,委员会,/kəˈmɪʃn/
commit,犯罪,/kəˈmɪt/
committee,委员会,/kəˈmɪti/
commodity,商品,/kəˈmɒdəti/
common,常见的,/ˈkɒmən/
communicate,传达，表达,/kəˈmju:nɪkeɪt/
communism,共产主义,/ˈkɒmjunɪzəm/
community,社区,/kəˈmju:nəti/
comparable,可比较的,/ˈkɒmpərəbl/
comparative,比较的,/kəmˈpærətɪv/
compare,比较,/kəmˈpeə(r)/
comparison,比较,/kəmˈpærɪsn/
compel,迫使,/kəmˈpel/
compensate,补偿,/ˈkɒmpenseɪt/
compete,竞争,/kəmˈpi:t/
competent,有能力的,/ˈkɒmpɪtənt/
competition,竞争,/ˌkɒmpəˈtɪʃn/
competitive,竞争的,/kəmˈpetətɪv/
compile,编译,/kəmˈpaɪl/
complain,抱怨,/kəmˈpleɪn/
complaint,投诉,/kəmˈpleɪnt/
complement,相辅相成,/ˈkɒmplɪment/
complete,完成,/kəmˈpli:t/
complex,复杂的,/ˈkɒmpleks/
complicate,复杂的,/ˈkɒmplɪkeɪt/
complicated,结构复杂的,/ˈkɒmplɪkeɪtɪd/
compliment,恭维,/ˈkɒmplɪmənt/
comply,顺从,/kəmˈplaɪ/
component,组成的；构成的,/kəmˈpəʊnənt/
compose,创作,/kəmˈpəʊz/
composition,作文,/ˌkɒmpəˈzɪʃn/
comprehend,领悟,/ˌkɒmprɪˈhend/
comprehension,理解,/ˌkɒmprɪˈhenʃn/
comprehensive,全面的,/ˌkɒmprɪˈhensɪv/
compress,压缩,/kəmˈpres/
comprise,包含,/kəmˈpraɪz/
compromise,妥协,/ˈkɒmprəmaɪz/
conceive,怀孕,/kənˈsi:v/
concentrate,集中,/ˈkɒnsntreɪt/
concept,概念,/ˈkɒnsept/
conception,概念,/kənˈsepʃn/
concern,关心,/kənˈsɜ:n/
concise,简明的,/kənˈsaɪs/
conclude,结束,/kənˈklu:d/
conclusion,结论,/kənˈklu:ʒn/
condemn,谴责,/kənˈdem/
condense,凝结,/kənˈdens/
condition,条件,/kənˈdɪʃn/
conduct,行为,/kənˈdʌkt/
conductor,指挥,/kənˈdʌktə(r)/
confer,商讨,/kənˈfɜ:(r)/
conference,会议,/ˈkɒnfərəns/
confess,承认,/kənˈfes/
confidence,信心,/ˈkɒnfɪdəns/
confident,自信的,/ˈkɒnfɪdənt/
confidential,机密的,/ˌkɒnfɪˈdenʃl/
confirm,证实,/kənˈfɜ:m/
conflict,冲突,/ˈkɒnflɪkt/
conform,遵从,/kənˈfɔ:m/
confront,面临,/kənˈfrʌnt/
confuse,混淆,/kənˈfju:z/
confusion,混乱,/kənˈfju:ʒn/
congress,代表大会,/ˈkɒŋgres/
connect,连接,/kəˈnekt/
connection,连接,/kəˈnekʃn/
conscious,意识,/ˈkɒnʃəs/
consequence,结果,/ˈkɒnsɪkwəns/
consequently,因此,/ˈkɒnsɪkwəntli/
conservation,保护,/ˌkɒnsəˈveɪʃn/
conservative,保守的,/kənˈsɜ:vətɪv/
consider,考虑,/kənˈsɪdə(r)/
considerable,相当大的,/kənˈsɪdərəbl/
considerate,体贴的,/kənˈsɪdərət/
consist,构成,/kənˈsɪst/
consistent,一致的,/kənˈsɪstənt/
console,安慰,/kən''səʊl/
constant,常数,/ˈkɒnstənt/
constituent,成分,/kənˈstɪtjuənt/
constitute,构成,/ˈkɒnstɪtju:t/
constitution,宪法,/ˌkɒnstɪˈtju:ʃn/
constrain,限制,/kənˈstreɪn/
construct,建造,/kənˈstrʌkt/
consume,消耗,/kənˈsju:m/
consumption,消费,/kənˈsʌmpʃn/
contemporary,当代的,/kənˈtemprəri/
contempt,轻蔑,/kənˈtempt/
contend,竞争,/kənˈtend/
content,内容,/''kɒntent/
contest,比赛,/ˈkɒntest/
continual,不断的,/kənˈtɪnjuəl/
continue,继续,/kənˈtɪnju:/
continuous,连续的,/kənˈtɪnjuəs/
contract,合同,/ˈkɒntrækt/
contradict,反驳,/ˌkɒntrəˈdɪkt/
contrary,相反,/ˈkɒntrəri/
contrast,对比,/ˈkɒntrɑ:st/
contribute,贡献,/kənˈtrɪbju:t/
contribution,贡献,/ˌkɒntrɪˈbju:ʃn/
control,控制,/kənˈtrəʊl/
controversial,有争议的,/ˌkɒntrəˈvɜ:ʃl/
controversy,争议,/ˈkɒntrəvɜ:si/
convention,大会,/kənˈvenʃn/
converge,会聚,/kənˈvɜ:dʒ/
convey,传达,/kənˈveɪ/
council,委员会,/ˈkaʊnsl/
counsel,建议,/ˈkaʊnsl/
court,法院,/kɔ:t/
courtesy,礼貌,/ˈkɜ:təsi/
cover,封面,/ˈkʌvə(r)/
create,创造,/kriˈeɪt/
creative,创作的,/kriˈeɪtɪv/
credit,信用,/ˈkredɪt/
crisis,危机,/ˈkraɪsɪs/
critic,评论家,/ˈkrɪtɪk/
critical,批评的,/ˈkrɪtɪkl/
criticism,批评,/ˈkrɪtɪsɪzəm/
criticize,批评,/ˈkrɪtɪsaɪz/
crucial,关键的,/ˈkru:ʃl/
culprit,罪犯,/ˈkʌlprɪt/
cultivate,培养,/ˈkʌltɪveɪt/
culture,文化,/ˈkʌltʃə(r)/
curiosity,好奇,/ˌkjʊəriˈɒsəti/
curious,好奇的,/ˈkjʊəriəs/
currency,货币,/ˈkʌrənsi/
current,现在的,/ˈkʌrənt/
cut,切,/kʌt/
data,数据,/ˈdeɪtə/
database,数据库,/ˈdeɪtəbeɪs/
date,日期,/deɪt/
dazzle,使眼花,/ˈdæzl/
deal,交易,/di:l/
dealer,经销商,/ˈdi:lə(r)/
debate,辩论,/dɪˈbeɪt/
decade,十年,/ˈdekeɪd/
decide,决定,/dɪˈsaɪd/
decision,决定,/dɪˈsɪʒn/
decisive,决定性的,/dɪˈsaɪsɪv/
decline,下降,/dɪˈklaɪn/
decorate,装饰,/ˈdekəreɪt/
decrease,减少,/dɪˈkri:s/
dedicate,致力于,/ˈdedɪkeɪt/
deduce,推断,/dɪˈdju:s/
deduct,扣除,/dɪˈdʌkt/
deem,认为,/di:m/
defend,辩护,/dɪˈfend/
defendant,被告,/dɪˈfendənt/
define,定义,/dɪˈfaɪn/
definite,明确的,/ˈdefɪnət/
definition,定义,/ˌdefɪˈnɪʃn/
defy,反抗,/dɪˈfaɪ/
degree,程度,/dɪˈgri:/
delay,推迟,/dɪˈleɪ/
deliberate,深思熟虑的,/dɪˈlɪbərət/
delicate,微妙的,/ˈdelɪkət/
deliver,交付,/dɪˈlɪvə(r)/
delivery,交付,/dɪˈlɪvəri/
demand,需求,/dɪˈmɑ:nd/
democracy,民主,/dɪˈmɒkrəsi/
democratic,民主的,/ˌdeməˈkrætɪk/
demonstrate,证明,/ˈdemənstreɪt/
denial,否认,/dɪˈnaɪəl/
denote,表示,/dɪˈnəʊt/
deny,否认,/dɪˈnaɪ/
department,部门,/dɪˈpɑ:tmənt/
depend,取决于,/dɪˈpend/
dependent,依赖的,/dɪˈpendənt/
deposit,存款,/dɪˈpɒzɪt/
depress,降低,/dɪˈpres/
deprive,剥夺,/dɪˈpraɪv/
derive,起源,/dɪˈraɪv/
describe,描述,/dɪˈskraɪb/
description,描述,/dɪˈskrɪpʃn/
deserve,值得,/dɪˈzɜ:v/
design,设计,/dɪˈzaɪn/
designate,指定,/ˈdezɪgneɪt/
desirable,令人满意的,/dɪˈzaɪərəbl/
desire,渴望,/dɪˈzaɪə(r)/
despise,轻视,/dɪˈspaɪz/
despite,尽管,/dɪˈspaɪt/
detach,派遣,/dɪˈtætʃ/
detail,细节,/ˈdi:teɪl/
detain,扣留,/dɪˈteɪn/
detect,探测,/dɪˈtekt/
deteriorate,恶化,/dɪˈtɪəriəreɪt/
determine,确定,/dɪˈtɜ:mɪn/
develop,发展,/dɪˈveləp/
device,设备,/dɪˈvaɪs/
devise,设计,/dɪˈvaɪz/
differ,不同,/ˈdɪfə(r)/
difference,不同,/ˈdɪfrəns/
diffuse,弥漫,/dɪˈfju:s/
dilute,稀释,/daɪˈlu:t/
dim,暗淡的,/dɪm/
diminish,减少,/dɪˈmɪnɪʃ/
disable,使 ... 失去能力,/dɪsˈeɪbl/
disappear,消失,/ˌdɪsəˈpɪə(r)/
disappoint,使失望,/ˌdɪsəˈpɔɪnt/
discipline,纪律,/ˈdɪsəplɪn/
disclose,公开,/dɪsˈkləʊz/
discover,发现,/dɪˈskʌvə(r)/
discovery,发现,/dɪˈskʌvəri/
discriminate,区分,/dɪˈskrɪmɪneɪt/
discuss,讨论,/dɪˈskʌs/
disease,疾病,/dɪˈzi:z/
disgrace,耻辱,/dɪsˈgreɪs/
dismiss,开除,/dɪsˈmɪs/
disorder,混乱,/dɪsˈɔ:də(r)/
disperse,分散,/dɪˈspɜ:s/
displace,取代,/dɪsˈpleɪs/
display,显示,/dɪˈspleɪ/
dispute,争论,/dɪˈspju:t/
dissolve,溶解,/dɪˈzɒlv/
distinct,不同的,/dɪˈstɪŋkt/
distinction,区分,/dɪˈstɪŋkʃn/
distinguish,区别,/dɪˈstɪŋgwɪʃ/
distort,扭曲,/dɪˈstɔ:t/
distract,分散,/dɪˈstrækt/
distribute,分配,/dɪˈstrɪbju:t/
diverse,不同的,/daɪˈvɜ:s/
diversion,转移,/daɪˈvɜ:ʃn/
divert,转移,/daɪˈvɜ:t/
divide,分,/dɪˈvaɪd/
dividend,股息,/ˈdɪvɪdend/
division,部门,/dɪˈvɪʒn/
document,文件,/ˈdɒkjumənt/
documentary,纪录片,/ˌdɒkjuˈmentri/
domain,领域,/dəˈmeɪn/
domestic,国内的,/dəˈmestɪk/
dominant,主要的,/ˈdɒmɪnənt/
dominate,控制,/ˈdɒmɪneɪt/
doom,厄运,/du:m/
double,两倍,/ˈdʌbl/
doubt,怀疑,/daʊt/
drama,戏剧,/ˈdrɑ:mə/
dramatic,戏剧性的,/drəˈmætɪk/
drive,开车,/draɪv/
dubious,可疑的,/ˈdju:biəs/
due,到期的,/dju:/
durable,耐用持久的,/ˈdjʊərəbl/
duration,持续时间,/djuˈreɪʃn/
duty,责任,/ˈdju:ti/
dynamic,动力,/daɪˈnæmɪk/
economic,经济的,/ˌi:kəˈnɒmɪk/
economical,经济的,/ˌi:kəˈnɒmɪkl/
economics,经济学,/ˌi:kəˈnɒmɪks/
economy,经济,/ɪˈkɒnəmi/
educate,教育,/ˈedʒukeɪt/
education,教育,/ˌedʒuˈkeɪʃn/
effect,影响,/ɪˈfekt/
effective,有效的,/ɪˈfektɪv/
efficiency,效率,/ɪˈfɪʃnsi/
efficient,效率高的,/ɪˈfɪʃnt/
effort,努力,/ˈefət/
elaborate,复杂的,/ɪˈlæbərət/
elegant,优雅的,/ˈelɪgənt/
element,元素,/ˈelɪmənt/
elementary,基本的,/ˌelɪˈmentri/
eliminate,淘汰,/ɪˈlɪmɪneɪt/
elite,精英,/eɪˈli:t/
elsewhere,别处,/ˌelsˈweə(r)/
embed,深留脑中,/ɪm''bed/
embody,包含,/ɪmˈbɒdi/
embrace,拥抱,/ɪmˈbreɪs/
embryo,胚胎,/ˈembriəʊ/
emerge,浮现,/iˈmɜ:dʒ/
emergency,紧急状态,/iˈmɜ:dʒənsi/
eminent,著名的,/ˈemɪnənt/
emotion,情感,/ɪˈməʊʃn/
emphasis,强调,/ˈemfəsɪs/
emphasize,强调,/ˈemfəsaɪz/
employ,使用,/ɪmˈplɔɪ/
employee,雇员,/ɪmˈplɔɪi:/
employer,雇主,/ɪmˈplɔɪə(r)/
employment,职业,/ɪmˈplɔɪmənt/
enable,使能够,/ɪˈneɪbl/
encounter,遇到,/ɪnˈkaʊntə(r)/
encourage,鼓励,/ɪnˈkʌrɪdʒ/
end,结束,/end/
endeavor,努力,/ɪn''devə/
endorse,支持,/ɪnˈdɔ:s/
energetic,精力旺盛的,/ˌenəˈdʒetɪk/
energy,能源,/ˈenədʒi/
enforce,执行,/ɪnˈfɔ:s/
engage,从事,/ɪnˈgeɪdʒ/
engagement,订婚,/ɪnˈgeɪdʒmənt/
enhance,提高,/ɪnˈhɑ:ns/
enlarge,扩大,/ɪnˈlɑ:dʒ/
enlighten,启发,/ɪnˈlaɪtn/
ensure,确保,/ɪn''ʃʊə(r)/
entail,带来,/ɪnˈteɪl/
enterprise,企业,/ˈentəpraɪz/
entertain,娱乐,/ˌentəˈteɪn/
entertainment,娱乐,/ˌentəˈteɪnmənt/
environment,环境,/ɪnˈvaɪrənmənt/
epidemic,流行病,/ˌepɪˈdemɪk/
episode,插曲,/ˈepɪsəʊd/
epoch,时代,/ˈi:pɒk/
escape,逃跑,/ɪˈskeɪp/
especially,特别,/ɪˈspeʃəli/
essay,论文,/ˈeseɪ/
essence,本质,/ˈesns/
essential,必要的,/ɪˈsenʃl/
establish,建立,/ɪˈstæblɪʃ/
estimate,估计,/ˈestɪmət/
ethic,伦理,/ˈeθɪk/
ethnic,民族的,/ˈeθnɪk/
evaluate,评估,/ɪˈvæljueɪt/
evidence,证据,/ˈevɪdəns/
evident,明显的,/ˈevɪdənt/
evil,邪恶,/ˈi:vl/
evolution,进化,/ˌi:vəˈlu:ʃn/
evolve,进化,/iˈvɒlv/
exaggerate,夸大,/ɪgˈzædʒəreɪt/
examine,检查,/ɪgˈzæmɪn/
exchange,交换,/ɪksˈtʃeɪndʒ/
exclude,排除,/ɪkˈsklu:d/
exclusive,唯一的,/ɪkˈsklu:sɪv/
execute,执行,/ˈeksɪkju:t/
executive,行政部门,/ɪgˈzekjətɪv/
exemplify,例证,/ɪgˈzemplɪfaɪ/
exert,施加,/ɪgˈzɜ:t/
exhaust,废气,/ɪgˈzɔ:st/
exist,存在,/ɪgˈzɪst/
existence,存在,/ɪgˈzɪstəns/
exotic,奇异的,/ɪgˈzɒtɪk/
expand,扩张,/ɪkˈspænd/
expansion,膨胀,/ɪkˈspænʃn/
expect,期待,/ɪkˈspekt/
expectation,期望,/ˌekspekˈteɪʃn/
experience,经验,/ɪkˈspɪəriəns/
experiment,实验,/ɪkˈsperɪmənt/
expert,专家,/ˈekspɜ:t/
expertise,专门知识,/ˌekspɜ:ˈti:z/
expire,期满,/ɪkˈspaɪə(r)/
exploit,利用,/ɪkˈsplɔɪt/
explore,探究,/ɪkˈsplɔ:(r)/
export,出口,/ˈekspɔ:t/
expose,揭露,/ɪk''spəʊz/
exposure,暴露,/ɪkˈspəʊʒə(r)/
express,表达,/ɪkˈspres/
expression,表达,/ɪkˈspreʃn/
extend,延长,/ɪkˈstend/
extension,延长,/ɪkˈstenʃn/
extensive,广泛的,/ɪkˈstensɪv/
extent,程度,/ɪkˈstent/
extinct,灭绝的,/ɪkˈstɪŋkt/
extinguish,扑灭,/ɪkˈstɪŋgwɪʃ/
extravagant,奢侈的,/ɪkˈstrævəgənt/
extreme,极端,/ɪkˈstri:m/
fabric,织物,/ˈfæbrɪk/
fabricate,制造,/ˈfæbrɪkeɪt/
face,脸,/feɪs/
factor,因素,/ˈfæktə(r)/
fade,褪色,/feɪd/
fail,失败,/feɪl/
failure,失败,/ˈfeɪljə(r)/
fair,公平的,/feə(r)/
fairly,公正地,/ˈfeəli/
fall,秋天,/fɔ:l/
fan,扇,/fæn/
fancy,幻想,/ˈfænsi/
fascinate,吸引住,/ˈfæsɪneɪt/
fashion,时尚,/ˈfæʃn/
fashionable,时髦的,/ˈfæʃnəbl/
favor,赞成,/ˈfeɪvə/
favorable,有利的,/''feɪvərəbl/
favorite,喜爱的,/ˈfeɪvərɪt/
fear,恐惧,/fɪə(r)/
fearful,可怕的,/ˈfɪəfl/
feature,特征,/ˈfi:tʃə(r)/
federal,联邦政府的,/ˈfedərəl/
feed,饲料,/fi:d/
feedback,反馈,/ˈfi:dbæk/
feeling,感觉,/ˈfi:lɪŋ/
fertile,肥沃的,/ˈfɜ:taɪl/
fiction,小说,/ˈfɪkʃn/
field,领域,/fi:ld/
fierce,凶猛的,/fɪəs/
fight,战斗,/faɪt/
figure,数字,/ˈfɪgə(r)/
finance,金融,/ˈfaɪnæns/
financial,财政的,/faɪˈnænʃl/
finding,发现物,/ˈfaɪndɪŋ/
finite,有限的,/ˈfaɪnaɪt/
firm,公司,/fɜ:m/
first,第一,/fɜ:st/
fit,适合,/fɪt/
fitting,配件,/ˈfɪtɪŋ/
flaw,缺陷,/flɔ:/
flexible,灵活的,/ˈfleksəbl/
fling,投,/flɪŋ/
flourish,繁荣,/ˈflʌrɪʃ/
fold,折叠,/fəʊld/
folk,民间音乐,/fəʊk/
follow,跟随,/ˈfɒləʊ/
following,下列的,/ˈfɒləʊɪŋ/
force,力,/fɔ:s/
fore,船头,/fɔ:(r)/
forecast,预测,/ˈfɔ:kɑ:st/
foresee,预见,/fɔ:ˈsi:/
forge,伪造,/fɔ:dʒ/
form,形成,/fɔ:m/
formal,正式的,/ˈfɔ:ml/
format,版式,/ˈfɔ:mæt/
formation,形成,/fɔ:ˈmeɪʃn/
former,以前的,/ˈfɔ:mə(r)/
formidable,强大的,/ˈfɔ:mɪdəbl/
formula,公式,/ˈfɔ:mjələ/
formulate,规划,/ˈfɔ:mjuleɪt/
fortunate,幸运的,/ˈfɔ:tʃənət/
fortune,财产,/ˈfɔ:tʃu:n/
fruitful,富有成效的,/ˈfru:tfl/
frustrate,挫败,/frʌˈstreɪt/
fulfil,履行,//
function,函数,/ˈfʌŋkʃn/
fund,基金,/fʌnd/
fundamental,基础,/ˌfʌndəˈmentl/
gain,获得,/geɪn/
gamble,赌博,/ˈgæmbl/
gap,差距,/gæp/
gene,基因,/dʒi:n/
general,将军,/ˈdʒenrəl/
generalize,概括,/ˈdʒenrəlaɪz/
generate,产生,/ˈdʒenəreɪt/
generation,代,/ˌdʒenəˈreɪʃn/
generator,发电机,/ˈdʒenəreɪtə(r)/
generous,慷慨的,/ˈdʒenərəs/
genius,天才,/ˈdʒi:niəs/
genre,类型,/''ʒɒ̃rə/
giant,巨大的,/ˈdʒaɪənt/
gift,礼物,/gɪft/
gigantic,巨大的,/dʒaɪˈgæntɪk/
give,给,/gɪv/
glamour,魅力,/ˈɡlæmə(r)/
global,全球性的,/ˈgləʊbl/
globe,世界,/gləʊb/
goal,目标,/gəʊl/
goods,货物,/gʊdz/
govern,管理,/ˈgʌvn/
government,政府,/ˈgʌvənmənt/
governor,州长,/ˈgʌvənə(r)/
gradual,逐渐的,/ˈgrædʒuəl/
graduate,毕业,/ˈgrædʒuət/
grand,宏伟的,/grænd/
grant,授予,/grɑ:nt/
grasp,抓住,/grɑ:sp/
grim,可怕的,/grɪm/
grip,紧握,/grɪp/
gross,总额,/grəʊs/
ground,地面,/graʊnd/
grow,生长,/grəʊ/
growth,生长,/grəʊθ/
guarantee,保证，担保,/ˌgærənˈti:/
guard,警卫,/gɑ:d/
guidance,指导,/ˈgaɪdns/
guide,指导,/gaɪd/
guideline,准则,/ˈgaɪdlaɪn/
guild,行会,/ɡɪld/
guilt,内疚,/gɪlt/
guilty,有罪的,/ˈgɪlti/
habit,习惯,/ˈhæbɪt/
habitat,栖息地,/ˈhæbɪtæt/
hamper,妨碍,/ˈhæmpə(r)/
handicap,障碍,/ˈhændikæp/
happen,发生,/ˈhæpən/
harm,伤害,/hɑ:m/
harmony,和谐,/ˈhɑ:məni/
harsh,刺耳的,/hɑ:ʃ/
heal,治愈,/hi:l/
health,健康,/helθ/
healthy,健康的,/ˈhelθi/
heap,堆,/hi:p/
hesitate,犹豫,/ˈhezɪteɪt/
highland,高地,/ˈhaɪlənd/
highlight,强调,/ˈhaɪlaɪt/
highly,很,/ˈhaɪli/
hinder,阻碍,/ˈhɪndə(r)/
hint,暗示,/hɪnt/
hitherto,迄今,/ˌhɪðəˈtu:/
hoist,升起,/hɔɪst/
hold,举行,/həʊld/
holder,持有者,/ˈhəʊldə(r)/
holy,神圣的,/ˈhəʊli/
honor,荣誉,/ˈɒnə/
honorable,光荣的,/ˈɒnərəbl/
horizon,地平线,/həˈraɪzn/
horizontal,水平的,/ˌhɒrɪˈzɒntl/
household,家庭,/ˈhaʊshəʊld/
however,然而,/haʊˈevə(r)/
huddle,拥挤,/ˈhʌdl/
humanity,人类,/hju:ˈmænəti/
humble,谦逊的,/ˈhʌmbl/
ideal,理想,/aɪˈdi:əl/
identical,相同的,/aɪˈdentɪkl/
identification,识别,/aɪˌdentɪfɪˈkeɪʃn/
identify,认同,/aɪˈdentɪfaɪ/
identity,身份,/aɪˈdentəti/
ideology,意识形态,/ˌaɪdiˈɒlədʒi/
ignorance,无知,/ˈɪgnərəns/
ignorant,无知的,/ˈɪgnərənt/
ignore,忽视,/ɪgˈnɔ:(r)/
ill,坏话,/ɪl/
illness,病,/ˈɪlnəs/
illusion,错觉,/ɪˈlu:ʒn/
illustrate,说明,/ˈɪləstreɪt/
illustration,插图,/ˌɪləˈstreɪʃn/
image,图像,/ˈɪmɪdʒ/
imaginary,虚构的,/ɪˈmædʒɪnəri/
imagination,想象,/ɪˌmædʒɪˈneɪʃn/
imaginative,富于想象力的,/ɪˈmædʒɪnətɪv/
imagine,想像,/ɪˈmædʒɪn/
imitate,模仿,/ˈɪmɪteɪt/
imitation,模仿,/ˌɪmɪˈteɪʃn/
immediate,直接的,/ɪˈmi:diət/
immense,巨大的,/ɪˈmens/
immerse,浸,/ɪˈmɜ:s/
immigrant,移民,/ˈɪmɪgrənt/
immune,免疫的,/ɪˈmju:n/
impact,影响,/ˈɪmpækt/
impair,损害,/ɪmˈpeə(r)/
impart,传授,/ɪmˈpɑ:t/
implement,实施,/ˈɪmplɪment/
implication,暗示,/ˌɪmplɪˈkeɪʃn/
implicit,含蓄的,/ɪmˈplɪsɪt/
imply,暗示,/ɪmˈplaɪ/
import,进口,/ˈɪmpɔ:t/
importance,重要,/ɪmˈpɔ:tns/
important,重要的,/ɪmˈpɔ:tnt/
impose,强加,/ɪmˈpəʊz/
impress,印象,/ɪmˈpres/
impression,印象,/ɪmˈpreʃn/
impressive,给人深刻印象的,/ɪmˈpresɪv/
improve,提高,/ɪmˈpru:v/
impulse,冲动,/ˈɪmpʌls/
inaugurate,开创,/ɪˈnɔ:gjəreɪt/
incentive,动机,/ɪnˈsentɪv/
incidence,入射,/ˈɪnsɪdəns/
incident,事件,/ˈɪnsɪdənt/
incidentally,偶然地,/ˌɪnsɪˈdentli/
incline,倾斜,/ɪnˈklaɪn/
include,包括,/ɪnˈklu:d/
inclusive,包含 ... 在内的,/ɪnˈklu:sɪv/
income,收入,/ˈɪnkʌm/
incorporate,合并,/ɪnˈkɔ:pəreɪt/
increase,增加,/ɪnˈkri:s/
increasingly,越来越多地,/ɪnˈkri:sɪŋli/
incredible,难以置信的,/ɪnˈkredəbl/
incur,招致,/ɪnˈkɜ:(r)/
indeed,真正地,/ɪnˈdi:d/
independence,独立,/ˌɪndɪˈpendəns/
independent,独立的,/ˌɪndɪˈpendənt/
index,索引,/ˈɪndeks/
indicate,表明,/ˈɪndɪkeɪt/
indication,迹象,/ˌɪndɪˈkeɪʃn/
indicative,指示的,/ɪnˈdɪkətɪv/
indifferent,无关紧要的,/ɪnˈdɪfrənt/
indignant,愤慨的,/ɪnˈdɪgnənt/
indignation,愤慨,/ˌɪndɪgˈneɪʃn/
indispensable,不可缺少的,/ˌɪndɪˈspensəbl/
individual,个人,/ˌɪndɪˈvɪdʒuəl/
industrial,工业的,/ɪnˈdʌstriəl/
industrialize,（使）工业化,/ɪnˈdʌstriəlaɪz/
industry,工业,/ˈɪndəstri/
inevitable,不可避免的,/ɪnˈevɪtəbl/
infer,推断,/ɪnˈfɜ:(r)/
inference,推理,/ˈɪnfərəns/
inferior,下级,/ɪnˈfɪəriə(r)/
influence,影响,/ˈɪnfluəns/
influential,有影响的,/ˌɪnfluˈenʃl/
inform,通知,/ɪnˈfɔ:m/
information,信息,/ˌɪnfəˈmeɪʃn/
ingenious,精巧的,/ɪnˈdʒi:niəs/
ingredient,成分,/ɪnˈgri:diənt/
initial,最初的,/ɪˈnɪʃl/
initiate,开始,/ɪˈnɪʃieɪt/
initiative,主动权,/ɪˈnɪʃətɪv/
innocent,无辜的,/ˈɪnəsnt/
innovation,创新,/ˌɪnəˈveɪʃn/
instinct,本能,/ˈɪnstɪŋkt/
institute,学院,/ˈɪnstɪtju:t/
institution,机构,/ˌɪnstɪˈtju:ʃn/
insurance,保险,/ɪnˈʃʊərəns/
insure,确保,/ɪnˈʃʊə(r)/
integral,完整的,/ˈɪntɪgrəl/
integrate,整合,/ˈɪntɪgreɪt/
integrity,完整,/ɪnˈtegrəti/
intellectual,知识分子,/ˌɪntəˈlektʃuəl/
intelligence,智力,/ɪnˈtelɪdʒəns/
intelligent,聪明的,/ɪnˈtelɪdʒənt/
intelligible,可理解的,/ɪnˈtelɪdʒəbl/
intend,打算,/ɪnˈtend/
intense,强烈的,/ɪnˈtens/
intensity,强度,/ɪnˈtensəti/
intensive,密集的,/ɪnˈtensɪv/
intention,意图,/ɪnˈtenʃn/
interact,互动,/ˌɪntərˈækt/
intercourse,性交,/ˈɪntəkɔ:s/
interest,兴趣,/ˈɪntrəst/
interior,内部,/ɪnˈtɪəriə(r)/
internal,内部的,/ɪnˈtɜ:nl/
international,国际的,/ˌɪntəˈnæʃnəl/
interpret,解释,/ɪnˈtɜ:prɪt/
introduce,介绍,/ˌɪntrəˈdju:s/
introduction,介绍,/ˌɪntrəˈdʌkʃn/
invest,投资,/ɪnˈvest/
investigate,调查,/ɪnˈvestɪgeɪt/
investment,投资,/ɪnˈvestmənt/
invisible,看不见的,/ɪnˈvɪzəbl/
involve,包含,/ɪnˈvɒlv/
issue,问题,/ˈɪʃu:/
item,项目,/ˈaɪtəm/
journal,日记,/ˈdʒɜ:nl/
journalist,记者,/ˈdʒɜ:nəlɪst/
journey,旅行,/ˈdʒɜ:ni/
judge,法官,/dʒʌdʒ/
judgement,判断,/ˈdʒʌdʒmənt/
judicial,公正的,/dʒuˈdɪʃl/
jury,陪审团,/ˈdʒʊəri/
justice,正义,/ˈdʒʌstɪs/
justify,证明 ... 正当,/ˈdʒʌstɪfaɪ/
key,键,/ki:/
knit,编织,/nɪt/
label,标签,/ˈleɪbl/
lag,落后,/læg/
largely,主要地,/ˈlɑ:dʒli/
lateral,侧面,/ˈlætərəl/
latter,后者的,/ˈlætə(r)/
law,法律,/lɔ:/
lead,导致,/li:d/
leadership,领导,/ˈli:dəʃɪp/
leading,主要的,/ˈli:dɪŋ/
legal,合法的,/ˈli:gl/
legislation,立法,/ˌledʒɪsˈleɪʃn/
legitimate,合法的,/lɪˈdʒɪtɪmət/
leisure,休闲,/ˈleʒə(r)/
lever,杠杆,/ˈli:və(r)/
levy,征收,/ˈlevi/
liability,责任,/ˌlaɪəˈbɪləti/
liable,有义务的,/ˈlaɪəbl/
liberal,自由主义者,/ˈlɪbərəl/
liberate,解放,/ˈlɪbəreɪt/
license,许可证,/ˈlaɪsns/
likelihood,可能性,/ˈlaɪklihʊd/
likely,很可能,/ˈlaɪkli/
likewise,同样地,/ˈlaɪkwaɪz/
limit,限制,/ˈlɪmɪt/
limitation,限制,/ˌlɪmɪˈteɪʃn/
limited,有限的,/ˈlɪmɪtɪd/
link,联系,/lɪŋk/
list,列出,/lɪst/
literally,逐字地,/ˈlɪtərəli/
literary,文学的,/ˈlɪtərəri/
literature,文学,/ˈlɪtrətʃə(r)/
local,当地的,/ˈləʊkl/
locality,地区,/ləʊˈkæləti/
locate,找出,/ləʊˈkeɪt/
location,位置,/ləʊˈkeɪʃn/
logic,逻辑,/ˈlɒdʒɪk/
logical,合理的,/ˈlɒdʒɪkl/
lose,失败,/lu:z/
loss,损失,/lɒs/
lower,降低,/ˈləʊə(r)/
magnificent,宏伟的,/mægˈnɪfɪsnt/
magnify,放大,/ˈmægnɪfaɪ/
magnitude,大小,/ˈmægnɪtju:d/
maintain,维持,/meɪnˈteɪn/
maintenance,维护,/ˈmeɪntənəns/
major,主要的,/ˈmeɪdʒə(r)/
majority,多数,/məˈdʒɒrəti/
make,做,/meɪk/
manage,管理,/ˈmænɪdʒ/
management,管理,/ˈmænɪdʒmənt/
manifest,显示,/ˈmænɪfest/
manipulate,操作,/məˈnɪpjuleɪt/
manner,方式,/ˈmænə(r)/
margin,利润,/ˈmɑ:dʒɪn/
marginal,微小的,/ˈmɑ:dʒɪnl/
mass,大量,/mæs/
massacre,大屠杀,/ˈmæsəkə(r)/
massive,巨大的,/ˈmæsɪv/
master,主人,/ˈmɑ:stə(r)/
masterpiece,杰作,/ˈmɑ:stəpi:s/
mate,交配,/meɪt/
material,材料,/məˈtɪəriəl/
mathematical,数学的,/ˌmæθə''mætɪkl/
mature,成熟,/məˈtʃʊə(r)/
maximum,最大限度,/ˈmæksɪməm/
mean,意味,/mi:n/
meaning,意义,/ˈmi:nɪŋ/
means,手段,/mi:nz/
meantime,同时,/ˈmi:ntaɪm/
meanwhile,其间,/ˈmi:nwaɪl/
measure,测量,/ˈmeʒə(r)/
meditate,冥想,/ˈmedɪteɪt/
meditation,冥想,/ˌmedɪˈteɪʃn/
medium,媒介,/ˈmi:diəm/
memo,备忘录,/ˈmeməʊ/
memorial,纪念碑,/məˈmɔ:riəl/
memory,记忆,/ˈmeməri/
mental,精神的,/ˈmentl/
mention,提到,/ˈmenʃn/
mere,纯粹的,/mɪə(r)/
merely,仅仅,/ˈmɪəli/
mess,混乱,/mes/
message,消息,/ˈmesɪdʒ/
messenger,报信者,/ˈmesɪndʒə(r)/
method,方法,/ˈmeθəd/
militant,激进分子,/ˈmɪlɪtənt/
military,军队,/ˈmɪlətri/
mind,心,/maɪnd/
miserable,悲惨的,/ˈmɪzrəbl/
misery,痛苦,/ˈmɪzəri/
mislead,误导,/ˌmɪsˈli:d/
mix,混合,/mɪks/
mixture,混合,/ˈmɪkstʃə(r)/
mock,嘲笑,/mɒk/
mode,模式,/məʊd/
model,模型,/ˈmɒdl/
moderate,温和的,/ˈmɒdərət/
modern,现代的,/ˈmɒdn/
modernization,现代化,/ˌmɒdənaɪˈzeɪʃn/
modest,适度的,/ˈmɒdɪst/
modify,修改,/ˈmɒdɪfaɪ/
monopoly,垄断,/məˈnɒpəli/
monotonous,单调的,/məˈnɒtənəs/
mood,心情,/mu:d/
moral,道德,/ˈmɒrəl/
morality,道德,/məˈræləti/
moreover,此外,/mɔ:rˈəʊvə(r)/
mostly,主要地,/ˈməʊstli/
mutual,相互的,/ˈmju:tʃuəl/
mysterious,神秘的,/mɪˈstɪəriəs/
mystery,秘密,/ˈmɪstri/
myth,神话,/mɪθ/
narrative,叙述,/ˈnærətɪv/
narrow,狭窄的,/ˈnærəʊ/
nasty,严重的,/ˈnɑ:sti/
nation,国家,/ˈneɪʃn/
national,国民,/ˈnæʃnəl/
nationality,民族,/ˌnæʃəˈnæləti/
native,土著,/ˈneɪtɪv/
natural,自然的,/ˈnætʃrəl/
nature,自然,/ˈneɪtʃə(r)/
necessary,必要的,/ˈnesəsəri/
necessitate,迫使,/nəˈsesɪteɪt/
necessity,需要,/nəˈsesəti/
negative,消极的,/ˈnegətɪv/
neglect,忽视,/nɪˈglekt/
negligible,微不足道的,/ˈneglɪdʒəbl/
negotiate,谈判,/nɪˈgəʊʃieɪt/
nerve,神经,/nɜ:v/
nervous,焦虑的,/ˈnɜ:vəs/
nevertheless,然而,/ˌnevəðəˈles/
noble,贵族,/ˈnəʊbl/
norm,规范,/nɔ:m/
normal,正常的,/ˈnɔ:ml/
normalization,正常化,/ˌnɔ:məlaɪ''zeɪʃn/
note,注意,/nəʊt/
notion,概念,/ˈnəʊʃn/
object,对象,/ˈɒbdʒɪkt/
objection,反对,/əbˈdʒekʃn/
objective,目标,/əbˈdʒektɪv/
obligation,义务,/ˌɒblɪˈgeɪʃn/
oblige,迫使,/əˈblaɪdʒ/
obscure,隐藏,/əbˈskjʊə(r)/
observation,观察,/ˌɒbzəˈveɪʃn/
observe,观察,/əbˈzɜ:v/
obsession,困扰,/əbˈseʃn/
obsolete,过时的,/ˈɒbsəli:t/
obtain,获得,/əbˈteɪn/
obvious,明显的,/ˈɒbviəs/
occupation,职业,/ˌɒkjuˈpeɪʃn/
occupy,占领,/ˈɒkjupaɪ/
occur,发生,/əˈkɜ:(r)/
occurrence,发生,/əˈkʌrəns/
offend,冒犯,/əˈfend/
offer,提供,/ˈɒfə(r)/
offset,抵消,/ˈɒfset/
offspring,子孙,/ˈɒfsprɪŋ/
opening,开幕,/ˈəʊpnɪŋ/
opera,歌剧,/ˈɒprə/
operate,操作,/ˈɒpəreɪt/
operation,操作,/ˌɒpəˈreɪʃn/
operational,操作的,/ˌɒpəˈreɪʃənl/
operator,经营者,/ˈɒpəreɪtə(r)/
opinion,意见,/əˈpɪnjən/
opponent,对手,/əˈpəʊnənt/
opportunity,机会,/ˌɒpəˈtju:nəti/
oppose,反对,/əˈpəʊz/
opposite,相反的,/ˈɒpəzɪt/
oppress,压迫,/əˈpres/
optimistic,乐观的,/ˌɒptɪˈmɪstɪk/
optimum,最佳的,/ˈɒptɪməm/
option,选择权,/ˈɒpʃn/
optional,任选的,/ˈɒpʃənl/
organ,器官,/ˈɔ:gən/
organic,有机的,/ɔ:ˈgænɪk/
organism,有机体,/ˈɔ:gənɪzəm/
organization,组织,/ˌɔ:gənaɪˈzeɪʃn/
organize,组织,/ˈɔ:gənaɪz/
origin,起源,/ˈɒrɪdʒɪn/
original,最初的,/əˈrɪdʒənl/
originate,起源于,/əˈrɪdʒɪneɪt/
other,其他的,/ˈʌðə(r)/
otherwise,否则,/ˈʌðəwaɪz/
outcome,结果,/ˈaʊtkʌm/
outer,外面的,/ˈaʊtə(r)/
outlet,出口,/ˈaʊtlet/
outline,轮廓,/ˈaʊtlaɪn/
outlook,前景,/ˈaʊtlʊk/
output,输出,/ˈaʊtpʊt/
outrage,愤怒,/ˈaʊtreɪdʒ/
outset,开始,/ˈaʊtset/
outward,向外的,/ˈaʊtwəd/
overall,总的来说,/ˌəʊvərˈɔ:l/
overcome,克服,/ˌəʊvəˈkʌm/
overlap,重叠,/ˌəʊvəˈlæp/
overlook,忽视,/ˌəʊvəˈlʊk/
overseas,在海外,/ˌəʊvəˈsi:z/
overturn,推翻,/ˌəʊvəˈtɜ:n/
overwhelm,压倒,/ˌəʊvəˈwelm/
pace,速度,/peɪs/
panel,面板,/ˈpænl/
panorama,全景,/ˌpænəˈrɑ:mə/
paragraph,段落,/ˈpærəgrɑ:f/
parallel,平行的,/ˈpærəlel/
paralyse,瘫痪,/ˈpærəlaɪz/
partial,部分的,/ˈpɑ:ʃl/
participant,参与者,/pɑ:ˈtɪsɪpənt/
participate,参与,/pɑ:ˈtɪsɪpeɪt/
particle,粒子,/ˈpɑ:tɪkl/
particular,特定的,/pəˈtɪkjələ(r)/
partly,部分地,/ˈpɑ:tli/
partner,伙伴,/ˈpɑ:tnə(r)/
passion,激情,/ˈpæʃn/
passive,被动的,/ˈpæsɪv/
patch,补丁,/pætʃ/
patent,专利,/ˈpætnt/
pattern,模式,/ˈpætn/
pay,支付,/peɪ/
payment,支付,/ˈpeɪmənt/
peculiar,独特的,/pɪˈkju:liə(r)/
peer,贵族,/pɪə(r)/
per,每,/pə(r)/
perceive,认为,/pəˈsi:v/
percentage,比例,/pəˈsentɪdʒ/
perfect,完美的,/ˈpɜ:fɪkt/
perform,执行,/pəˈfɔ:m/
performance,性能,/pəˈfɔ:məns/
period,时期,/ˈpɪəriəd/
periodical,期刊,/ˌpɪəriˈɒdɪkl/
perish,毁灭,/ˈperɪʃ/
perpetual,永久的,/pəˈpetʃuəl/
perplex,使困惑,/pəˈpleks/
personal,个人的,/ˈpɜ:sənl/
personality,个性,/ˌpɜ:səˈnæləti/
perspective,透视,/pəˈspektɪv/
pessimistic,悲观的,/ˌpesɪˈmɪstɪk/
petition,请愿,/pəˈtɪʃn/
phase,阶段,/feɪz/
phenomenon,现象,/fəˈnɒmɪnən/
philosopher,哲学家,/fəˈlɒsəfə(r)/
philosophy,哲学,/fəˈlɒsəfi/
phrase,短语,/freɪz/
physical,身体的,/ˈfɪzɪkl/
physician,内科医生,/fɪˈzɪʃn/
pierce,穿透,/pɪəs/
plausible,动听的,/ˈplɔ:zəbl/
plea,恳求,/pli:/
plead,恳求,/pli:d/
plot,情节,/plɒt/
point,点,/pɔɪnt/
policy,政策,/ˈpɒləsi/
polish,擦亮,/ˈpɒlɪʃ/
polite,有礼貌的,/pəˈlaɪt/
political,政党的,/pəˈlɪtɪkl/
politician,政治家,/ˌpɒləˈtɪʃn/
politics,政治,/ˈpɒlətɪks/
poll,投票,/pəʊl/
ponder,考虑,/ˈpɒndə(r)/
portion,部分,/ˈpɔ:ʃn/
pose,姿势,/pəʊz/
position,位置,/pəˈzɪʃn/
positive,积极的,/ˈpɒzətɪv/
possess,拥有,/pəˈzes/
possession,拥有,/pəˈzeʃn/
possibility,可能,/ˌpɒsəˈbɪləti/
possible,可能的,/ˈpɒsəbl/
potential,潜在的,/pəˈtenʃl/
pour,倒,/pɔ:(r)/
poverty,贫困,/ˈpɒvəti/
power,力,/ˈpaʊə(r)/
practical,实际的,/ˈpræktɪkl/
practice,实践,/ˈpræktɪs/
practise,练习,/ˈpræktɪs/
practitioner,从业者,/prækˈtɪʃənə(r)/
preach,说教,/pri:tʃ/
precaution,预防,/prɪˈkɔ:ʃn/
precede,先于,/prɪˈsi:d/
precedent,先例,/ˈpresɪdənt/
preceding,在前的,/prɪ''si:dɪŋ/
precious,珍贵的,/ˈpreʃəs/
precise,精确的,/prɪˈsaɪs/
precision,精确,/prɪˈsɪʒn/
predecessor,前任,/ˈpri:dɪsesə(r)/
predict,预测,/prɪˈdɪkt/
preface,前言,/ˈprefəs/
preferable,更好的,/ˈprefrəbl/
preference,优先,/ˈprefrəns/
premise,前提,/''premɪs/
premium,保险费,/ˈpri:miəm/
preparation,准备,/ˌprepəˈreɪʃn/
prescribe,开处方,/prɪˈskraɪb/
prescription,处方,/prɪˈskrɪpʃn/
presence,存在,/ˈprezns/
present,礼物,/ˈpreznt/
presently,不久,/ˈprezntli/
preserve,保护,/prɪˈzɜ:v/
preside,主持,/prɪˈzaɪd/
press,按,/pres/
pressure,压力,/ˈpreʃə(r)/
prestige,声望,/preˈsti:ʒ/
presumably,大概,/prɪˈzju:məbli/
presume,假定,/prɪˈzju:m/
prevent,预防,/prɪˈvent/
previous,以前的,/ˈpri:viəs/
prey,捕食,/preɪ/
primary,主要的,/ˈpraɪməri/
prime,最好的,/praɪm/
primitive,原始的,/ˈprɪmətɪv/
principal,校长,/ˈprɪnsəpl/
principle,原则,/ˈprɪnsəpl/
prior,优先的,/ˈpraɪə(r)/
priority,优先,/praɪˈɒrəti/
privacy,隐私,/ˈprɪvəsi/
private,私人的,/ˈpraɪvət/
privilege,特权,/ˈprɪvəlɪdʒ/
probe,探测,/prəʊb/
procedure,程序,/prəˈsi:dʒə(r)/
proceed,继续进行,/prəˈsi:d/
proceeding,诉讼程序,/prəˈsi:dɪŋ/
process,过程,/ˈprəʊses/
procession,队伍,/prəˈseʃn/
proclaim,表明,/prəˈkleɪm/
produce,生产,/prəˈdju:s/
product,产品,/ˈprɒdʌkt/
production,生产,/prəˈdʌkʃn/
productive,有成效的,/prəˈdʌktɪv/
productivity,生产力,/ˌprɒdʌkˈtɪvəti/
profession,职业,/prəˈfeʃn/
professional,专业的,/prəˈfeʃənl/
profit,利润,/ˈprɒfɪt/
profitable,有利可图的,/ˈprɒfɪtəbl/
profound,深奥的,/prəˈfaʊnd/
program,程序,/ˈprəʊgræm/
progressive,渐进的,/prəˈgresɪv/
prohibit,禁止,/prəˈhɪbɪt/
project,项目,/ˈprɒdʒekt/
prolong,延长,/prəˈlɒŋ/
prominent,突出的,/ˈprɒmɪnənt/
promise,诺言,/ˈprɒmɪs/
promising,有前途的,/ˈprɒmɪsɪŋ/
promote,促进,/prəˈməʊt/
prompt,提示,/prɒmpt/
proof,证明,/pru:f/
propel,推进,/prəˈpel/
proper,合适的,/ˈprɒpə(r)/
property,财产,/ˈprɒpəti/
proportion,比例,/prəˈpɔ:ʃn/
proposal,建议,/prəˈpəʊzl/
propose,打算,/prəˈpəʊz/
proposition,命题,/ˌprɒpəˈzɪʃn/
prospect,前景,/ˈprɒspekt/
prospective,未来的,/prəˈspektɪv/
prove,证明,/pru:v/
provide,提供,/prəˈvaɪd/
provided,提供的,/prəˈvaɪdɪd/
prudent,谨慎的,/ˈpru:dnt/
psychiatry,精神病学,/saɪˈkaɪətri/
psychology,心理,/saɪˈkɒlədʒi/
public,公众,/ˈpʌblɪk/
publication,出版,/ˌpʌblɪˈkeɪʃn/
publicity,宣传,/pʌbˈlɪsəti/
publish,出版,/ˈpʌblɪʃ/
purchase,购买,/ˈpɜ:tʃəs/
pursue,追求,/pəˈsju:/
pursuit,追求,/pəˈsju:t/
puzzle,谜,/ˈpʌzl/
qualification,资格,/ˌkwɒlɪfɪˈkeɪʃn/
qualify,合格,/ˈkwɒlɪfaɪ/
qualitative,质的,/ˈkwɒlɪtətɪv/
quality,品质,/ˈkwɒləti/
quest,探索,/kwest/
questionnaire,问卷,/ˌkwestʃəˈneə(r)/
quick,快,/kwɪk/
quit,辞职,/kwɪt/
quote,报价,/kwəʊt/
radiant,辐射的,/ˈreɪdiənt/
radiate,辐射,/ˈreɪdieɪt/
radical,激进的,/ˈrædɪkl/
rail,栏杆,/reɪl/
railway,铁路;铁道;铁路系统;铁道部门,/ˈreɪlweɪ/
raise,提出,/reɪz/
rake,耙子,/reɪk/
rally,集会,/ˈræli/
random,随机的,/ˈrændəm/
range,范围,/reɪndʒ/
rank,排,/ræŋk/
rare,罕见的,/reə(r)/
rarely,很少,/ˈreəli/
rate,速度,/reɪt/
ratio,比率,/ˈreɪʃiəʊ/
rational,理性的,/ˈræʃnəl/
reach,到达,/ri:tʃ/
react,反应,/riˈækt/
realistic,现实的,/ˌri:əˈlɪstɪk/
reality,现实,/riˈæləti/
realize,实现,/ˈri:əlaɪz/
reason,原因,/ˈri:zn/
reasonable,合理的,/ˈri:znəbl/
recent,近来的,/ˈri:snt/
recognition,承认,/ˌrekəgˈnɪʃn/
recognize,认出,/ˈrekəgnaɪz/
recommend,推荐,/ˌrekəˈmend/
recover,恢复,/rɪˈkʌvə(r)/
recovery,恢复,/rɪˈkʌvəri/
recruit,招聘,/rɪˈkru:t/
redeem,赎回,/rɪˈdi:m/
reduce,减少,/rɪˈdju:s/
reduction,减少,/rɪˈdʌkʃn/
refer,参考,/rɪˈfɜ:(r)/
reference,参考,/ˈrefrəns/
reflect,反映,/rɪˈflekt/
reflection,反射,/rɪˈflekʃn/
reform,改革,/rɪˈfɔ:m/
refresh,提神,/rɪˈfreʃ/
refute,反驳,/rɪˈfju:t/
region,地区,/ˈri:dʒən/
regular,规则的,/ˈregjələ(r)/
regulate,控制,/ˈregjuleɪt/
regulation,规则,/ˌregjuˈleɪʃn/
reject,拒绝,/rɪˈdʒekt/
rejoice,高兴,/rɪˈdʒɔɪs/
relate,涉及,/rɪˈleɪt/
relation,关系,/rɪˈleɪʃn/
relationship,关系,/rɪˈleɪʃnʃɪp/
relative,亲戚,/ˈrelətɪv/
relativity,相对论,/ˌreləˈtɪvəti/
relevant,相关的,/ˈreləvənt/
reliable,可靠的,/rɪˈlaɪəbl/
reliance,信赖,/rɪˈlaɪəns/
religion,宗教,/rɪˈlɪdʒən/
religious,宗教的,/rɪˈlɪdʒəs/
reluctant,不情愿的,/rɪˈlʌktənt/
rely,依靠,/rɪˈlaɪ/
remain,保持,/rɪˈmeɪn/
remainder,剩余物,/rɪˈmeɪndə(r)/
remains,遗体,/rɪˈmeɪnz/
remedy,补救,/ˈremədi/
remember,记得,/rɪˈmembə(r)/
remind,提醒,/rɪˈmaɪnd/
remote,偏僻的,/rɪˈməʊt/
removal,除去,/rɪˈmu:vl/
remove,消除,/rɪˈmu:v/
render,提供,/ˈrendə(r)/
replace,取代,/rɪˈpleɪs/
reply,回答,/rɪˈplaɪ/
report,报告,/rɪˈpɔ:t/
reporter,记者,/rɪˈpɔ:tə(r)/
reputation,好名声,/ˌrepjuˈteɪʃn/
request,请求,/rɪˈkwest/
require,需要,/rɪˈkwaɪə(r)/
requirement,要求,/rɪˈkwaɪəmənt/
rescue,救援,/ˈreskju:/
research,研究,/rɪˈsɜ:tʃ/
resent,恨,/rɪˈzent/
reservation,预定,/ˌrezəˈveɪʃn/
reserve,保留,/rɪˈzɜ:v/
resist,抵抗,/rɪˈzɪst/
resistance,抵抗,/rɪˈzɪstəns/
resistant,抵抗的,/rɪˈzɪstənt/
resort,诉诸,/rɪˈzɔ:t/
resource,资源,/rɪˈsɔ:s/
respect,尊重,/rɪˈspekt/
respective,各自的,/rɪˈspektɪv/
respond,反应,/rɪˈspɒnd/
response,反应,/rɪˈspɒns/
responsibility,责任,/rɪˌspɒnsəˈbɪləti/
responsible,负责的,/rɪˈspɒnsəbl/
restore,恢复,/rɪˈstɔ:(r)/
restrain,抑制,/rɪˈstreɪn/
restraint,克制,/rɪˈstreɪnt/
restrict,限制,/rɪˈstrɪkt/
result,结果,/rɪˈzʌlt/
resume,简历,/rɪ''zju:m/
reveal,揭示,/rɪˈvi:l/
revelation,启示,/ˌrevəˈleɪʃn/
revenge,报复,/rɪˈvendʒ/
revenue,收入,/ˈrevənju:/
reverse,逆转,/rɪˈvɜ:s/
review,回顾,/rɪˈvju:/
revise,修正,/rɪˈvaɪz/
revive,复生,/rɪˈvaɪv/
reward,奖赏,/rɪˈwɔ:d/
rich,丰富的,/rɪtʃ/
rise,上升,/raɪz/
risk,风险,/rɪsk/
rival,对手,/ˈraɪvl/
role,作用,/rəʊl/
roll,滚,/rəʊl/
root,根,/ru:t/
route,路线,/ru:t/
routine,常规,/ru:ˈti:n/
row,排,/rəʊ/
rule,规则,/ru:l/
ruler,统治者,/ˈru:lə(r)/
safeguard,保护,/ˈseɪfgɑ:d/
safety,安全,/ˈseɪfti/
savage,野蛮人,/ˈsævɪdʒ/
save,救,/seɪv/
saving,节约,/ˈseɪvɪŋ/
scale,刻度,/skeɪl/
scene,场,/si:n/
scenery,风景,/ˈsi:nəri/
schedule,安排,/ˈʃedju:l/
scheme,方案,/ski:m/
science,科学,/ˈsaɪəns/
scientific,科学的,/ˌsaɪənˈtɪfɪk/
scientist,科学家,/ˈsaɪəntɪst/
scope,范围,/skəʊp/
score,得分,/skɔ:(r)/
scorn,轻蔑,/skɔ:n/
secure,安全的,/sɪˈkjʊə(r)/
security,安全,/sɪˈkjʊərəti/
see,看见,/si:/
seek,寻求,/si:k/
seem,似乎,/si:m/
seemingly,表面上,/ˈsi:mɪŋli/
select,选择,/sɪˈlekt/
selection,选择,/sɪˈlekʃn/
self,自我,/self/
selfish,自私的,/ˈselfɪʃ/
sell,卖,/sel/
send,发送,/send/
senior,资深的,/ˈsi:niə(r)/
sensation,感觉,/senˈseɪʃn/
sense,感觉,/sens/
sensible,明智的,/ˈsensəbl/
sensitive,敏感的,/ˈsensətɪv/
separate,分开,/ˈseprət/
sequence,顺序,/ˈsi:kwəns/
serial,序列,/ˈsɪəriəl/
series,连续,/ˈsɪəri:z/
serious,严重的,/ˈsɪəriəs/
servant,仆人,/ˈsɜ:vənt/
serve,服务,/sɜ:v/
service,服务,/ˈsɜ:vɪs/
set,一套,/set/
setback,挫折,/ˈsetbæk/
setting,环境,/ˈsetɪŋ/
settle,解决,/ˈsetl/
settlement,解决,/ˈsetlmənt/
several,若干,/ˈsevrəl/
severe,严重的,/sɪˈvɪə(r)/
shade,阴影,/ʃeɪd/
shadow,阴影,/ˈʃædəʊ/
shape,形状,/ʃeɪp/
share,分享,/ʃeə(r)/
sharp,锋利的,/ʃɑ:p/
shelter,庇护,/ˈʃeltə(r)/
shield,盾,/ʃi:ld/
shift,改变,/ʃɪft/
shoulder,肩膀,/ˈʃəʊldə(r)/
show,表演,/ʃəʊ/
shower,淋浴,/ˈʃaʊə(r)/
sign,签,/saɪn/
signal,信号,/ˈsɪgnəl/
signature,签署,/ˈsɪgnətʃə(r)/
significance,意义,/sɪgˈnɪfɪkəns/
significant,重要的,/sɪgˈnɪfɪkənt/
signify,表示,/ˈsɪgnɪfaɪ/
similar,类似的,/ˈsɪmələ(r)/
simple,简单的,/ˈsɪmpl/
simplicity,简单,/sɪmˈplɪsəti/
simplify,简化,/ˈsɪmplɪfaɪ/
simply,仅仅,/ˈsɪmpli/
sit,坐,/sɪt/
site,现场,/saɪt/
situated,位于,/ˈsɪtʃueɪtɪd/
situation,形势,/ˌsɪtʃuˈeɪʃn/
skeleton,骨架,/ˈskelɪtn/
skeptical,怀疑的,/''skeptɪkəl/
sketch,素描,/sketʃ/
slack,松弛的,/slæk/
smell,闻,/smel/
soak,浸,/səʊk/
soar,翱翔,/sɔ:(r)/
sociable,好交际的,/ˈsəʊʃəbl/
social,社会的,/ˈsəʊʃl/
socialism,社会主义,/ˈsəʊʃəlɪzəm/
society,社会,/səˈsaɪəti/
sociology,社会学,/ˌsəʊsiˈɒlədʒi/
soluble,可解决的,/ˈsɒljəbl/
solution,溶液,/səˈlu:ʃn/
solve,解决,/sɒlv/
sophisticated,复杂的,/səˈfɪstɪkeɪtɪd/
sort,分类,/sɔ:t/
soul,灵魂,/səʊl/
sound,声音,/saʊnd/
sour,酸的,/ˈsaʊə(r)/
source,来源,/sɔ:s/
sovereign,君主,/ˈsɒvrɪn/
sow,播种,/səʊ/
span,跨度,/spæn/
spare,多余的,/speə(r)/
special,特殊的,/ˈspeʃl/
specialist,专家,/ˈspeʃəlɪst/
specialize,专攻,/ˈspeʃəlaɪz/
specialty,专业,/ˈspeʃəlti/
species,种类,/ˈspi:ʃi:z/
specific,明确的,/spəˈsɪfɪk/
specification,规格,/ˌspesɪfɪˈkeɪʃn/
specify,指定,/ˈspesɪfaɪ/
speculate,推测,/ˈspekjuleɪt/
spoil,破坏,/spɔɪl/
sponsor,赞助,/ˈspɒnsə(r)/
spread,传播,/spred/
spur,刺激,/spɜ:(r)/
spy,间谍,/spaɪ/
stability,稳定性,/stəˈbɪləti/
stable,稳定的,/ˈsteɪbl/
staff,员工,/stɑ:f/
stage,阶段,/steɪdʒ/
stand,站立,/stænd/
standard,标准,/ˈstændəd/
standpoint,立场,/ˈstændpɔɪnt/
start,开始,/stɑ:t/
startle,吃惊,/ˈstɑ:tl/
starve,挨饿,/stɑ:v/
stick,粘贴,/stɪk/
stimulate,刺激,/ˈstɪmjuleɪt/
stir,搅拌,/stɜ:(r)/
stock,股票,/stɒk/
storage,贮藏,/ˈstɔ:rɪdʒ/
store,储存,/stɔ:(r)/
straight,直接,/streɪt/
straightforward,坦率的,/ˌstreɪtˈfɔ:wəd/
strain,紧张,/streɪn/
strategy,策略,/ˈstrætədʒi/
strength,力量,/streŋθ/
strengthen,加强,/ˈstreŋθn/
strenuous,繁重的,/ˈstrenjuəs/
stress,压力,/stres/
stretch,伸展,/stretʃ/
stride,跨,/straɪd/
strike,罢工,/straɪk/
striking,显著的,/ˈstraɪkɪŋ/
string,线,/strɪŋ/
structure,结构,/ˈstrʌktʃə(r)/
stun,震惊,/stʌn/
subject,主题,/ˈsʌbdʒɪkt/
subjective,主观的,/səbˈdʒektɪv/
submit,提交,/səbˈmɪt/
subordinate,次要的,/səˈbɔ:dɪnət/
subscribe,订阅,/səbˈskraɪb/
substance,物质,/ˈsʌbstəns/
substantial,大量的,/səbˈstænʃl/
substitute,代替,/ˈsʌbstɪtju:t/
subtle,微妙的,/ˈsʌtl/
succeed,成功,/səkˈsi:d/
success,成功,/səkˈses/
successful,成功的,/səkˈsesfl/
succession,连续,/səkˈseʃn/
successive,连续的,/səkˈsesɪv/
successor,接班人,/səkˈsesə(r)/
suck,吸,/sʌk/
sue,起诉,/su:/
suffer,遭受,/ˈsʌfə(r)/
suffice,足够,/səˈfaɪs/
sufficient,足够的,/səˈfɪʃnt/
suggest,建议,/səˈdʒest/
suggestion,建议,/səˈdʒestʃən/
suicide,自杀,/ˈsuːɪsaɪd/
suit,适合,/su:t/
suitable,合适的,/ˈsu:təbl/
super,极好的,/ˈsu:pə(r)/
superb,极好的,/su:ˈpɜ:b/
superficial,肤浅的,/ˌsu:pəˈfɪʃl/
superfluous,多余的,/su:ˈpɜ:fluəs/
superior,上级,/su:ˈpɪəriə(r)/
superiority,优势,/su:ˌpɪəriˈɒrəti/
supervise,监督,/ˈsu:pəvaɪz/
supplement,补充,/ˈsʌplɪmənt/
supply,供应,/səˈplaɪ/
support,支持,/səˈpɔ:t/
suppose,想,/səˈpəʊz/
suppress,压制,/səˈpres/
supreme,最高的,/su:ˈpri:m/
surname,姓,/ˈsɜ:neɪm/
surpass,超越,/səˈpɑ:s/
surplus,盈余,/ˈsɜ:pləs/
surprise,惊喜,/səˈpraɪz/
survey,调查,/ˈsɜ:veɪ/
survival,生存,/səˈvaɪvl/
survive,存活,/səˈvaɪv/
susceptible,容许…的,/səˈseptəbl/
suspect,怀疑,/səˈspekt/
suspend,暂停,/səˈspend/
suspicion,怀疑,/səˈspɪʃn/
suspicious,可疑的,/səˈspɪʃəs/
sustain,维持,/səˈsteɪn/
swarm,群,/swɔ:m/
swear,发誓,/sweə(r)/
swell,膨胀,/swel/
swing,摇摆,/swɪŋ/
switch,开关,/swɪtʃ/
system,系统,/ˈsɪstəm/
take,取,/teɪk/
talent,人才,/ˈtælənt/
target,目标,/ˈtɑ:gɪt/
taste,味道,/teɪst/
technical,技术的,/ˈteknɪkl/
technician,技术员,/tekˈnɪʃn/
technique,技术,/tekˈni:k/
technology,技术,/tekˈnɒlədʒi/
teenager,青少年,/ˈti:neɪdʒə(r)/
temper,脾气,/ˈtempə(r)/
temperature,温度,/ˈtemprətʃə(r)/
temporary,暂时的,/ˈtemprəri/
tempt,引诱,/tempt/
temptation,诱惑,/tempˈteɪʃn/
tend,趋向,/tend/
tendency,趋势,/ˈtendənsi/
tentative,暂时的,/ˈtentətɪv/
term,学期,/tɜ:m/
terminal,终点,/ˈtɜ:mɪnl/
terminate,终止,/ˈtɜ:mɪneɪt/
testify,作证,/ˈtestɪfaɪ/
theme,主题,/θi:m/
theoretical,理论上的,/ˌθɪəˈretɪkl/
theory,理论,/ˈθɪəri/
therapy,治疗,/ˈθerəpi/
thirst,口渴,/θɜ:st/
thorough,彻底的,/ˈθʌrə/
though,虽然,/ðəʊ/
thought,思想,/θɔ:t/
thoughtful,体贴的,/ˈθɔ:tfl/
threat,威胁,/θret/
threaten,威胁,/ˈθretn/
thrill,激动,/θrɪl/
thrive,繁荣,/θraɪv/
through,通过,/θru:/
throughout,贯穿,/θru:ˈaʊt/
tip,小费,/tɪp/
title,标题,/ˈtaɪtl/
toast,烤,/təʊst/
together,一起,/təˈgeðə(r)/
token,象征,/ˈtəʊkən/
tolerance,宽容,/ˈtɒlərəns/
tolerant,宽容的,/ˈtɒlərənt/
tolerate,容忍,/ˈtɒləreɪt/
toll,代价,/təʊl/
tone,语气,/təʊn/
topic,话题,/ˈtɒpɪk/
toss,投掷,/tɒs/
total,总数,/ˈtəʊtl/
touch,触摸,/tʌtʃ/
tough,强硬的,/tʌf/
tow,拖,/təʊ/
towards,向,/təˈwɔ:dz/
trace,微量,/treɪs/
track,跟踪,/træk/
tradition,传统,/trəˈdɪʃn/
trail,小径,/treɪl/
train,火车,/treɪn/
training,训练,/ˈtreɪnɪŋ/
trait,特征,/treɪt/
traitor,叛徒,/ˈtreɪtə(r)/
transaction,事务,/trænˈzækʃn/
transfer,转移,/trænsˈfɜ:(r)/
transform,转换,/trænsˈfɔ:m/
transient,短暂的,/ˈtrænziənt/
translation,翻译,/trænsˈleɪʃn/
transmission,传输,/trænsˈmɪʃn/
transmit,传送,/trænsˈmɪt/
transplant,移植,/trænsˈplɑ:nt/
transport,运输,/ˈtrænspɔ:t/
treat,治疗,/tri:t/
treaty,条约,/ˈtri:ti/
trend,趋势,/trend/
trigger,触发,/ˈtrɪgə(r)/
triumph,胜利,/ˈtraɪʌmf/
trivial,琐碎的,/ˈtrɪviəl/
try,尝试,/traɪ/
tumble,暴跌,/ˈtʌmbl/
turbulent,动荡的,/ˈtɜ:bjələnt/
turn,转动,/tɜ:n/
turnover,营业额,/ˈtɜ:nəʊvə(r)/
twist,扭曲,/twɪst/
type,类型,/taɪp/
typical,典型的,/ˈtɪpɪkl/
ultimate,终极,/ˈʌltɪmət/
underestimate,低估,/ˌʌndərˈestɪmeɪt/
undergo,经历,/ˌʌndəˈgəʊ/
underlie,位于 ... 之下,/ˌʌndəˈlaɪ/
underline,强调,/ˌʌndəˈlaɪn/
underlying,潜在的,/ˌʌndəˈlaɪɪŋ/
understand,理解,/ˌʌndəˈstænd/
understanding,理解,/ˌʌndəˈstændɪŋ/
undertake,承担,/ˌʌndəˈteɪk/
uneasy,不舒服的,/ʌnˈi:zi/
unemployment,失业,/ˌʌnɪmˈplɔɪmənt/
unexpected,想不到的,/ˌʌnɪkˈspektɪd/
unify,使统一、使成为一体,/ˈju:nɪfaɪ/
union,工会,/ˈju:niən/
unique,独特的,/juˈni:k/
universal,普遍的,/ˌju:nɪˈvɜ:sl/
universe,宇宙,/ˈju:nɪvɜ:s/
unlike,与 ... 平时不同,/ˌʌnˈlaɪk/
unlikely,不太可能的,/ʌnˈlaɪkli/
unusual,独特的,/ʌnˈju:ʒuəl/
update,"更新,/ˌʌpˈdeɪt , ˈʌpdeɪt/",
upgrade,升级,/ˌʌpˈgreɪd/
uphold,维护,/ʌpˈhəʊld/
upset,打乱,/ʌpˈset/
urban,城市的,/ˈɜ:bən/
urge,冲动,/ɜ:dʒ/
urgent,紧急的,/ˈɜ:dʒənt/
utilize,利用，使用,/ˈju:təlaɪz/
utter,说,/ˈʌtə(r)/
vague,模糊的,/veɪg/
vain,徒劳的,/veɪn/
valid,有效的,/ˈvælɪd/
valuable,宝贵的,/ˈvæljuəbl/
value,价值,/ˈvælju:/
vanish,消失,/ˈvænɪʃ/
variable,变量,/ˈveəriəbl/
variation,变化,/ˌveəriˈeɪʃn/
variety,种类,/vəˈraɪəti/
various,各种各样的,/ˈveəriəs/
vary,变化,/ˈveəri/
vast,巨大的,/vɑ:st/
ventilate,通风,/ˈventɪleɪt/
venture,企业,/ˈventʃə(r)/
verbal,口头的,/ˈvɜ:bl/
verdict,裁决,/ˈvɜ:dɪkt/
verify,核实,/ˈverɪfaɪ/
verse,诗,/vɜ:s/
version,版本,/ˈvɜ:ʃn/
vessel,船,/ˈvesl/
vice,恶习,/vaɪs/
vicious,恶毒的,/ˈvɪʃəs/
victim,受害者,/ˈvɪktɪm/
view,看,/vju:/
viewpoint,观点,/ˈvju:pɔɪnt/
violence,暴力,/ˈvaɪələns/
violent,猛烈的,/ˈvaɪələnt/
virtual,实质的,/ˈvɜ:tʃuəl/
virtue,美德,/ˈvɜ:tʃu:/
visible,可见的,/ˈvɪzəbl/
vision,视力,/ˈvɪʒn/
visual,视觉的,/ˈvɪʒuəl/
vital,至关重要的,/ˈvaɪtl/
vivid,生动的,/ˈvɪvɪd/
void,空白,/vɔɪd/
volume,卷,/ˈvɒlju:m/
voluntary,自愿的,/ˈvɒləntri/
volunteer,志愿者,/ˌvɒlənˈtɪə(r)/
vote,投票,/vəʊt/
vulgar,粗俗的,/ˈvʌlgə(r)/
vulnerable,脆弱的,/ˈvʌlnərəbl/
wage,工资,/weɪdʒ/
wander,徘徊,/ˈwɒndə(r)/
want,要,/wɒnt/
way,方式,/weɪ/
weak,弱的,/wi:k/
wear,穿着,/weə(r)/
weary,疲倦,/ˈwɪəri/
weigh,衡量,/weɪ/
weight,重量,/weɪt/
weird,怪异的,/wɪəd/
weld,焊接,/weld/
welfare,福利,/ˈwelfeə(r)/
whirl,旋转,/wɜ:l/
whisper,耳语,/ˈwɪspə(r)/
widespread,普遍的,/ˈwaɪdspred/
win,赢,/wɪn/
wit,机智,/wɪt/
withdraw,撤回,/wɪðˈdrɔ:/
witness,证人,/ˈwɪtnəs/
wonder,想知道,/ˈwʌndə(r)/
worship,崇拜,/ˈwɜ:ʃɪp/
worth,价值,/wɜ:θ/
worthwhile,值得做的,/ˌwɜ:θˈwaɪl/
worthy,有价值的,/ˈwɜ:ði/
write,写,/raɪt/
writer,作家,/ˈraɪtə(r)/
yield,屈服,/ji:ld/
youth,青年,/ju:θ/
zigzag,曲折,/ˈzɪgzæg/
zone,地带,/zəʊn/
zoom,嗡嗡声,/zu:m/
